﻿{
  "shared_item_grid": {
    "type": "array",
    "orientation": "vertical",
    "margin": "0,0",
    "content": [
      {
        "type": "array",
        "orientation": "horizontal",
        "margin": "0,0",
        "content": [
          {

            "type": "array",
            "orientation": "vertical",
            "margin": "0,0",
            "content": [
              //{
              //  "type": "itemgrid",
              //  "item_margin": "6,5",
              //  "h_alignment": "center",
              //  "rows": [
              //    [ "ridley" ],
              //    [ "phantoon" ],
              //    [ "kraid" ],
              //    [ "draygon" ]
              //  ]
              //}
              {
                "type": "itemgrid",
                "item_margin": "0,8",
                "margin": "5,8,5,0",
                "h_alignment": "center",
                "rows": [
                  [ "sporespawn" ],
                  [ "crocomire" ],
                  [ "botwoon" ],
                  [ "goldentorizo" ]
                ]
              }
              //{
              //  "type": "itemgrid",
              //  "item_margin": "6,5",
              //  "h_alignment": "center",
              //  "rows": [
              //    [ "metroids1" ],
              //    [ "metroids2" ],
              //    [ "metroids3" ],
              //    [ "metroids4" ]
              //  ]
              //}
            ]
          },
          {
            "type": "itemgrid",
            "item_margin": "2,1",
            "h_alignment": "left",
            "margin": "0,5,0,0",
            "rows": [
              [ "charge", "varia", "morph", "hijump" ],
              [ "ice", "gravity", "bomb", "space" ],
              [ "wave", "", "spring", "speed" ],
              [ "spazer", "grapple", "screw", "" ],
              [ "plasma", "xray", "", "" ]
            ]
          },
          {
            "type": "array",
            //"orientation": "vertical",
            //"v_alignment": "center",
            "h_alignment": "center",
            "margin": "0,-5,0,0",
            "content": [
              {
                "type": "itemgrid",
                "margin": "4,8,4,0",
                "item_margin": "0,1",
                "h_alignment": "center",
                "rows": [
                  //[ "missile", "supermissile", "powerbomb" ]
                  [ "missile" ],
                  [ "supermissile" ],
                  [ "powerbomb" ],
                  //[ "etank" ],
                  //[ "reservetank" ]
                ]
              },
              {
                "type": "itemgrid",
                "margin": "0,1,0,0",
                "item_margin": "0,1",
                "h_alignment": "center",
                "rows": [
                  //[ "etank", "reservetank" ]
                  [ "etank" ],
                  [ "reservetank" ]
                ]
              }
            ]
          },
              {
                "type": "itemgrid",
                "margin": "-85,90,0,0",
                "item_margin": "2,0",
                "h_alignment": "center",
                "rows": [
                  [ "eye", "phantoon" ]
                ]
              },

          {
            "type": "array",
            "orientation": "vertical",
            //"v_alignment": "center",
            "h_alignment": "center",
            "margin": "0,8,0,0",
            "content": [
              {

                "margin": "0,0,0,20",
                "type": "item",
                "item": "objminibosses", //objectives
                "h_alignment": "center"
              },
              {
                "type": "item",
                "item": "difficulty",
                "h_alignment": "right"
              },
              {
                "type": "item",
                "item": "itemprogression",
                "h_alignment": "right"
              },
              {
                "type": "item",
                "item": "qualityoflife",
                "h_alignment": "right"
              }
            ]
          }
        ]
      }
    ]
  },
  "tracker_default": {
    "type": "container",
    "width": 420,
    "height": 220,
    "h_alignment": "left",
    "background": "#000000",
    "content": {
      "dropshadow": false,
      "margin": "0",
      "type": "layout",
      "key": "shared_item_grid"
    }
  }
}