﻿{
  "shared_item_grid": {
    "type": "array",
    "orientation": "vertical",
    "margin": "0,0",
    "content": [
      {
        "type": "array",
        "orientation": "horizontal",
        "margin": "0,0",
        "content": [
          {

            "type": "array",
            "orientation": "vertical",
            "margin": "0,0",
            "content": [
              {
                "type": "itemgrid",
                "item_margin": "0,8",
                "margin": "5,8,5,0",
                "h_alignment": "center",
                "rows": [
                  [ "sporespawn" ],
                  [ "crocomire" ],
                  [ "botwoon" ],
                  [ "goldentorizo" ]
                ]
              }
            ]
          },
          {
            "type": "itemgrid",
            "item_margin": "2,1",
            "h_alignment": "left",
            "margin": "0,5,0,0",
            "rows": [
              [ "charge", "varia", "morph", "hijump" ],
              [ "ice", "gravity", "bomb", "space" ],
              [ "wave", "", "spring", "speed" ],
              [ "spazer", "grapple", "screw", "walljumpBoots" ],
              [ "plasma", "xray", "", "" ]
            ]
          },
          {
            "type": "array",
            //"orientation": "vertical",
            //"v_alignment": "center",
            "h_alignment": "center",
            "margin": "0,-5,0,0",
            "content": [
              {
                "type": "itemgrid",
                "margin": "4,8,4,0",
                "item_margin": "0,1",
                "h_alignment": "center",
                "rows": [
                  //[ "missile", "supermissile", "powerbomb" ]
                  [ "missile" ],
                  [ "supermissile" ],
                  [ "powerbomb" ]
                  //[ "etank" ],
                  //[ "reservetank" ]
                ]
              },
              {
                "type": "itemgrid",
                "margin": "0,1,0,0",
                "item_margin": "0,1",
                "h_alignment": "center",
                "rows": [
                  //[ "etank", "reservetank" ]
                  [ "etank" ],
                  [ "reservetank" ]
                ]
              }
            ]
          },
          {
            "type": "itemgrid",
            "margin": "-78,95,0,0",
            "item_margin": "2,1",
            "h_alignment": "left",
            "rows": [
              [ "eye", "phantoon", "canWalljump" ]
            ]
          },
          {
            "type": "itemgrid",
            "orientation": "vertical",
            //"v_alignment": "center",
            "h_alignment": "center",
            "item_size": "175",
            "item_margin": "0,-65",
            "margin": "-5,35,0,0",
            "rows": [
              [ "pirates" ],
              [ "difficulty" ],
              [ "itemprogression" ],
              [ "qualityoflife" ],
              [ "maplayout" ]
            ]
            //"content": [
            //  {
            //    "size": "min_width",
            //    "margin": "0,0,0,10",
            //    "type": "item",
            //    "item": "pirates", //objectives
            //    "h_alignment": "center"
            //  },
            //  {
            //    "size": "1,1,1,1",
            //    "type": "item",
            //    "item": "difficulty",
            //    "h_alignment": "right"
            //  },
            //  {
            //    "type": "item",
            //    "item": "itemprogression",
            //    "h_alignment": "right"
            //  },
            //  {
            //    "type": "item",
            //    "item": "qualityoflife",
            //    "h_alignment": "right"
            //  },
            //  {
            //    "type": "item",
            //    "item": "maplayout",
            //    "h_alignment": "right"
            //  }
            //]
          },
          {
            "type": "array",
            "orientation": "vertical",
            //"v_alignment": "right",
            "h_alignment": "left",
            "margin": "0,8,0,0",
            "item_margin": "2,1",
            //"rows": [
            //  [ "toggleEye" ],
            //  [ "togglePhantoon" ],
            //  [ "toggleWalljumpBoots" ]
            //]
            "content": [
              {

                "margin": "-12,0,0,0",
                "type": "item",
                "item": "toggleEye",
                "h_alignment": "left"
              },
              {
                "type": "item",
                "item": "togglePhantoon",
                "h_alignment": "left"
              },
              {
                "margin": "-16,0,0,0",
                "type": "item",
                "item": "toggleCanWalljump",
                "h_alignment": "left"
              },
              {
                "margin": "-8,0,0,0",
                "type": "item",
                "item": "toggleWalljumpBoots",
                "h_alignment": "left"
              },
              {
                "margin": "-8,100,0,0",
                "type": "item",
                "item": "tooltip",
                "h_alignment": "left",
                "v_alignment": "up"
              }
            ]
          }
        ]
      }
    ]
  },
  "tracker_default": {
    "type": "container",
    "width": 675,
    "height": 230,
    "h_alignment": "left",
    "background": "#000000",
    "content": {
      "dropshadow": false,
      "margin": "0",
      "type": "layout",
      "key": "shared_item_grid"
    }
  }
}