[
  //BOSSES
  {
    "name": "Ridley Full",
    "type": "progressive_toggle",
    "initial_active_state": true,
    "stages": [
      {
        "img": "images/Boss1.png"//,
        //"codes": "ridleyfull"
      },
      {
        "img": "images/Boss1.png",
        "img_mods": "overlay|images/Crosshair32x.png",
        "disabled_img": "images/Boss1.png",
        "disabled_img_mods": "@disabled,overlay|images/Crosshair32x.png",
        "codes": "ridleyfull"
      }
    ]
  },
  {
    "name": "Kraid Full",
    "type": "progressive_toggle",
    "initial_active_state":true,
    "stages": [
      {
        "img": "images/Boss2.png"
      },
      {
        "img": "images/Boss2.png",
        "img_mods": "overlay|images/Crosshair32x.png",
        "disabled_img": "images/Boss2.png",
        "disabled_img_mods": "@disabled,overlay|images/Crosshair32x.png",
        "codes": "kraidfull"
      }
    ]
  },
  {
    "name": "Phantoon Full",
    "type": "progressive_toggle",
    "initial_active_state":true,
    "stages": [
      {
        "img": "images/Boss3.png"
      },
      {
        "img": "images/Boss3.png",
        "img_mods": "overlay|images/Crosshair32x.png",
        "disabled_img": "images/Boss3.png",
        "disabled_img_mods": "@disabled,overlay|images/Crosshair32x.png",
        "codes": "phantoonfull"
      }
    ]
  },
  {
    "name": "Draygon Full",
    "type": "progressive_toggle",
    "initial_active_state":true,
    "stages": [
      {
        "img": "images/Boss4.png"
      },
      {
        "img": "images/Boss4.png",
        "img_mods": "overlay|images/Crosshair32x.png",
        "disabled_img": "images/Boss4.png",
        "disabled_img_mods": "@disabled,overlay|images/Crosshair32x.png",
        "codes": "draygonfull"
      }
    ]
  },
  //MINIBOSSES
  {
    "name": "Bomb Torizo Full",
    "type": "progressive_toggle",
    "initial_active_state": true,
    "stages": [
      {
        "img": "images/Miniboss1E.png",
        "disabled_img": "images/Miniboss1D.png",
        "codes": "bombtorizofull"
      },
      {
        "img": "images/Miniboss1E.png",
        "img_mods": "overlay|images/Crosshair64x.png",
        "disabled_img": "images/Miniboss1D.png",
        "disabled_img_mods": "@disabled,overlay|images/Crosshair64x.png",
        "codes": "bombtorizofull"
      }
    ]
  },
  {
    "name": "Spore Spawn Full",
    "type": "progressive_toggle",
    "initial_active_state": true,
    "stages": [
      {
        "img": "images/Miniboss2E.png",
        "disabled_img": "images/Miniboss2D.png",
        "codes": "sporespawnfull"
      },
      {
        "img": "images/Miniboss2E.png",
        "img_mods": "overlay|images/Crosshair64x.png",
        "disabled_img": "images/Miniboss2D.png",
        "disabled_img_mods": "@disabled,overlay|images/Crosshair64x.png",
        "codes": "sporespawnfull"
      }
    ]
  },
  {
    "name": "Crocomire Full",
    "type": "progressive_toggle",
    "initial_active_state": true,
    "stages": [
      {
        "img": "images/Miniboss3E.png",
        "disabled_img": "images/Miniboss3D.png",
        "codes": "crocomirefull"
      },
      {
        "img": "images/Miniboss3E.png",
        "img_mods": "overlay|images/Crosshair64x.png",
        "disabled_img": "images/Miniboss3D.png",
        "disabled_img_mods": "@disabled,overlay|images/Crosshair64x.png",
        "codes": "crocomirefull"
      }
    ]
  },
  {
    "name": "Botwoon Full",
    "type": "progressive_toggle",
    "initial_active_state": true,
    "stages": [
      {
        "img": "images/Miniboss4E.png",
        "disabled_img": "images/Miniboss4D.png",
        "codes": "botwoonfull"
      },
      {
        "img": "images/Miniboss4E.png",
        "img_mods": "overlay|images/Crosshair64x.png",
        "disabled_img": "images/Miniboss4D.png",
        "disabled_img_mods": "@disabled,overlay|images/Crosshair64x.png",
        "codes": "botwoonfull"
      }
    ]
  },
  {
    "name": "Golden Torizo Full",
    "type": "progressive_toggle",
    "initial_active_state": true,
    "stages": [
      {
        "img": "images/Miniboss5E.png",
        "disabled_img": "images/Miniboss5D.png",
        "codes": "goldentorizofull"
      },
      {
        "img": "images/Miniboss5E.png",
        "img_mods": "overlay|images/Crosshair64x.png",
        "disabled_img": "images/Miniboss5D.png",
        "disabled_img_mods": "@disabled,overlay|images/Crosshair64x.png",
        "codes": "bgoldentorizofull"
      }
    ]
  },
  //CHOZOS
  {
    "name": "Bowling Chozo Full",
    "type": "progressive_toggle",
    "initial_active_state": true,
    "stages": [
      {
        "img": "images/ChozoStatue1E.png",
        "disabled_img": "images/ChozoStatue1D.png",
        "codes": "bowlingchozo,chozos"
      },
      {
        "img": "images/ChozoStatue1E.png",
        "img_mods": "overlay|images/Crosshair64x.png",
        "disabled_img": "images/ChozoStatue1D.png",
        "disabled_img_mods": "@disabled,overlay|images/Crosshair64x.png",
        "codes": "bowlingchozofull"
      }
    ]
  },
  {
    "name": "Acid Chozo Full",
    "type": "progressive_toggle",
    "initial_active_state": true,
    "stages": [
      {
        "img": "images/ChozoStatue2E.png",
        "disabled_img": "images/ChozoStatue2D.png",
        "codes": "acidchozo, chozos"
      },
      {
        "img": "images/ChozoStatue2E.png",
        "img_mods": "overlay|images/Crosshair64x.png",
        "disabled_img": "images/ChozoStatue2D.png",
        "disabled_img_mods": "@disabled,overlay|images/Crosshair64x.png",
        "codes": "acidchozofull"
      }
    ]
  },
  //METROIDS
  {
    "name": "MetroidRoom1 Full",
    "type": "progressive_toggle",
    "initial_active_state": true,
    "stages": [
      {
        "img": "images/Metroids1E.png",
        "disabled_img": "images/Metroids1D.png",
        "codes": "metroids1full"
      },
      {
        "img": "images/Metroids1E.png",
        "img_mods": "overlay|images/Crosshair64x.png",
        "disabled_img": "images/Metroids1D.png",
        "disabled_img_mods": "@disabled,overlay|images/Crosshair64x.png",
        "codes": "metroids1full"
      }
    ]
  },
  {
    "name": "MetroidRoom2 Full",
    "type": "progressive_toggle",
    "initial_active_state": true,
    "stages": [
      {
        "img": "images/Metroids2E.png",
        "disabled_img": "images/Metroids2D.png",
        "codes": "metroids2full"
      },
      {
        "img": "images/Metroids2E.png",
        "img_mods": "overlay|images/Crosshair64x.png",
        "disabled_img": "images/Metroids2D.png",
        "disabled_img_mods": "@disabled,overlay|images/Crosshair64x.png",
        "codes": "metroids2full"
      }
    ]
  },
  {
    "name": "MetroidRoom3 Full",
    "type": "progressive_toggle",
    "initial_active_state": true,
    "stages": [
      {
        "img": "images/Metroids3E.png",
        "disabled_img": "images/Metroids3D.png",
        "codes": "metroids3full"
      },
      {
        "img": "images/Metroids3E.png",
        "img_mods": "overlay|images/Crosshair64x.png",
        "disabled_img": "images/Metroids3D.png",
        "disabled_img_mods": "@disabled,overlay|images/Crosshair64x.png",
        "codes": "metroids3full"
      }
    ]
  },
  {
    "name": "MetroidRoom4 Full",
    "type": "progressive_toggle",
    "initial_active_state": true,
    "stages": [
      {
        "img": "images/Metroids4E.png",
        "disabled_img": "images/Metroids4D.png",
        "codes": "metroids4full"
      },
      {
        "img": "images/Metroids4E.png",
        "img_mods": "overlay|images/Crosshair64x.png",
        "disabled_img": "images/Metroids4D.png",
        "disabled_img_mods": "@disabled,overlay|images/Crosshair64x.png",
        "codes": "metroids4full"
      }
    ]
  },
  //PIRATES
  {
    "name": "Pit Pirates Full",
    "type": "progressive_toggle",
    "initial_active_state": true,
    "stages": [
      {
        "img": "images/Pirate1x32.png",
        "codes": "pitpiratesfull"
      },
      {
        "img": "images/Pirate1x32.png",
        "img_mods": "overlay|images/Crosshair32x.png",
        "disabled_img": "images/Pirate1x32.png",
        "disabled_img_mods": "@disabled,overlay|images/Crosshair32x.png",
        "codes": "pitpiratesfull"
      }
    ]
  },    
  {
    "name": "Baby Kraid Pirates Full",
    "type": "progressive_toggle",
    "initial_active_state": true,
    "stages": [
      {
        "img": "images/Pirate2x32.png",
        "codes": "babykraidpiratesfull"
      },
      {
        "img": "images/Pirate2x32.png",
        "img_mods": "overlay|images/Crosshair32x.png",
        "disabled_img": "images/Pirate2x32.png",
        "disabled_img_mods": "@disabled,overlay|images/Crosshair32x.png",
        "codes": "babykraidpiratesfull"
      }
    ]
  },   
  {
    "name": "Plasma Pirates Full",
    "type": "progressive_toggle",
    "initial_active_state": true,
    "stages": [
      {
        "img": "images/Pirate3x32.png",
        "codes": "plasmapiratesfull"
      },
      {
        "img": "images/Pirate3x32.png",
        "img_mods": "overlay|images/Crosshair32x.png",
        "disabled_img": "images/Pirate3x32.png",
        "disabled_img_mods": "@disabled,overlay|images/Crosshair32x.png",
        "codes": "plasmapiratesfull"
      }
    ]
  },   
  {
    "name": "Metal Pirates Full",
    "type": "progressive_toggle",
    "initial_active_state": true,
    "stages": [
      {
        "img": "images/Pirate4x32.png",
        "codes": "metalpiratesfull"
      },
      {
        "img": "images/Pirate4x32.png",
        "img_mods": "overlay|images/Crosshair32x.png",
        "disabled_img": "images/Pirate4x32.png",
        "disabled_img_mods": "@disabled,overlay|images/Crosshair32x.png",
        "codes": "metalpiratesfull"
      }
    ]
  }
]
