[
  {
    "name": "Map Layout",
    "type": "progressive",
    "allow_disabled": "false",
    "loop": "true",
    "stages": [
      {
        "name": "Vanilla",
        "img": "images/mapl_vanilla.png",
        "inherit_codes": "false",
        "codes": "maplayout, vanilla"
      },
      //{
      //  "name": "Friendly",
      //  "img": "images/mapl_friendly.png",
      //  "inherit_codes": "false",
      //  "codes": "friendly"
      //},
      {
        "name": "Standard",
        "img": "images/mapl_standard.png",
        "inherit_codes": "false",
        "codes": "standard"
      },
      {
        "name": "Wild",
        "img": "images/mapl_wild.png",
        "inherit_codes": "false",
        "codes": "wild"
      },
      //{
      //  "name": "Chaos",
      //  "img": "images/mapl_chaos.png",
      //  "inherit_codes": "false",
      //  "codes": "chaos"
      //}
    ]
  }
]