﻿{
  "tracker_broadcast": {
    "type": "array",
    "orientation": "vertical",
    "background": "#000000",
    "margin": "0,0",
    "width": 378,
    "height": 230,
    "content": [
      {
        "type": "array",
        "orientation": "vertical",
        "margin": "0,0",
        "content": [
          {
            "type": "array",
            "orientation": "horizontal",
            "margin": "0,0",
            "content": [
              {

                "type": "array",
                "orientation": "vertical",
                "margin": "0,0",
                "content": [
                  {
                    "type": "itemgrid",
                    "item_margin": "0,8",
                    "margin": "3,10,2,0",
                    "h_alignment": "center",
                    "rows": [
                      [ "random1" ],
                      [ "random2" ],
                      [ "random3" ],
                      [ "random4" ]
                    ]
                  }
                ]
              },
              {
                "type": "array",
                //"orientation": "vertical",
                //"v_alignment": "center",
                "h_alignment": "center",
                "margin": "0,0,0,0",
                "content": [
                  {
                    "type": "itemgrid",
                    "item_margin": "1,1",
                    "h_alignment": "left",
                    "margin": "0,5,0,0",
                    "rows": [
                      [ "charge", "varia", "morph", "hijump" ],
                      [ "ice", "gravity", "bomb", "space" ],
                      [ "wave", "", "spring", "speed" ],
                      [ "spazer", "grapple", "screw", "walljumpBoots" ],
                      [ "plasma", "xray", "", "" ]
                    ]
                  },
                  {
                    "type": "itemgrid",
                    "margin": "0,2,0,0",
                    "item_margin": "1,1",
                    "h_alignment": "left",
                    "rows": [
                      [ "eye", "phantoon" ]
                    ]
                  }
                ]
              },
              {
                "type": "array",
                //"orientation": "vertical",
                //"v_alignment": "center",
                "h_alignment": "center",
                "margin": "0,5,0,0",
                "content": [
                  {
                    "type": "itemgrid",
                    //"margin": "4,8,4,0",
                    "item_margin": "0,1",
                    "h_alignment": "center",
                    "rows": [
                      //[ "missile", "supermissile", "powerbomb" ]
                      [ "missile" ],
                      [ "supermissile" ],
                      [ "powerbomb" ],
                      [ "etank" ],
                      [ "reservetank" ]
                    ]
                  }//,
                  //{
                  //  "type": "itemgrid",
                  //  "margin": "0,1,0,0",
                  //  "item_margin": "0,1",
                  //  "h_alignment": "center",
                  //  "rows": [
                  //    //[ "etank", "reservetank" ]
                  //    [ "etank" ],
                  //    [ "reservetank" ]
                  //  ]
                  //}
                ]
              },
              {
                "type": "itemgrid",
                "orientation": "vertical",
                //"v_alignment": "center",
                "h_alignment": "center",
                "item_size": "175",
                "item_margin": "0,-65",
                "margin": "-5,35,0,0",
                "rows": [
                  [ "random" ],
                  [ "difficulty" ],
                  [ "itemprogression" ],
                  [ "qualityoflife" ],
                  [ "maplayout" ]
                ]
              }
              //{
              //  "type": "array",
              //  "orientation": "vertical",
              //  //"v_alignment": "center",
              //  "h_alignment": "center",
              //  "margin": "-10,8,0,0",
              //  "content": [
              //    {
              //
              //      "margin": "0,0,0,20",
              //      "type": "item",
              //      "item": "pirates", //objectives
              //      "h_alignment": "center"
              //    },
              //    {
              //      "type": "item",
              //      "item": "difficulty",
              //      "h_alignment": "right"
              //    },
              //    {
              //      "type": "item",
              //      "item": "itemprogression",
              //      "h_alignment": "right"
              //    },
              //    {
              //      "type": "item",
              //      "item": "qualityoflife",
              //      "h_alignment": "right"
              //    }
              //  ]
              //}
            ]
          }
        ]
      }
    ]
  }
}
