﻿{
  "shared_item_grid": {
    "type": "array",
    "orientation": "vertical",
    "margin": "0,0",
    "content": [
      {
        "type": "array",
        "orientation": "horizontal",
        "margin": "0,0",
        "content": [
          {

            "type": "array",
            "orientation": "vertical",
            "margin": "0,0",
            "content": [
              {
                "type": "itemgrid",
                "item_margin": "0,8",
                "margin": "3,10,1,0",
                "h_alignment": "center",
                "rows": [
                  [ "ridleyfull" ],
                  [ "phantoonfull" ],
                  [ "kraidfull" ],
                  [ "draygonfull" ]
                ]
              }
            ]
          },
          {
            "type": "array",
            "orientation": "vertical",
            "margin": "0,0",
            "content": [
              {
                "type": "itemgrid",
                "item_margin": "0,8",
                "margin": "-100,10,1,0",
                "h_alignment": "center",
                "rows": [
                  [ "phantoonfull" ],
                  [ "phantoonfull" ],
                  [ "kraidfull" ],
                  [ "draygonfull" ]
                ]
              }
            ]
          },
          {

            "type": "array",
            "orientation": "vertical",
            "margin": "0,0",
            "content": [
              {
                "type": "itemgrid",
                "item_margin": "0,8",
                "margin": "1,10,1,0",
                "h_alignment": "center",
                "rows": [
                  [ "sporespawnfull" ],
                  [ "crocomirefull" ],
                  [ "botwoonfull" ],
                  [ "goldentorizofull" ]
                ]
              }
            ]
          },
          {

            "type": "array",
            "orientation": "vertical",
            //"v_alignment": "center",
            "margin": "0,0",
            "content": [
              {
                "type": "itemgrid",
                "item_margin": "0,8",
                "margin": "1,10,1,0",
                "h_alignment": "center",
                "rows": [
                  [ "bombtorizofull" ],
                  [ "bowlingchozofull" ],
                  [ "acidchozofull" ]
                  //[ "larva" ]
                  //[ "goldentorizo" ]
                ]
              }
            ]
          },
          {

            "type": "array",
            "orientation": "vertical",
            "margin": "0,0",
            "content": [
              {
                "type": "itemgrid",
                "item_margin": "0,8",
                "margin": "1,10,1,0",
                "h_alignment": "center",
                "rows": [
                  [ "metroids1full" ],
                  [ "metroids2full" ],
                  [ "metroids3full" ],
                  [ "metroids4full" ]
                ]
              }
            ]
          },
          {

            "type": "array",
            "orientation": "vertical",
            "margin": "0,0",
            "content": [
              {
                "type": "itemgrid",
                "item_margin": "0,8",
                "margin": "1,10,2,0",
                "h_alignment": "center",
                "rows": [
                  [ "pitpiratesfull" ],
                  [ "babykraidpiratesfull" ],
                  [ "plasmapiratesfull" ],
                  [ "metalpiratesfull" ]
                ]
              }
            ]
          },
          {
            "type": "array",
            //"orientation": "vertical",
            //"v_alignment": "center",
            "h_alignment": "center",
            "margin": "0,0,0,0",
            "content": [
              {
                "type": "itemgrid",
                "item_margin": "1,1",
                "h_alignment": "left",
                "margin": "0,5,0,0",
                "rows": [
                  [ "charge", "varia", "morph", "hijump" ],
                  [ "ice", "gravity", "bomb", "space" ],
                  [ "wave", "", "spring", "speed" ],
                  [ "spazer", "grapple", "screw", "walljumpBoots" ],
                  [ "plasma", "xray", "", "" ]
                ]
              },
              {
                "type": "itemgrid",
                "margin": "0,2,0,0",
                "item_margin": "2,1",
                "h_alignment": "left",
                "rows": [
                  [ "eye" ]
                ]
              }
            ]
          },
          {
            "type": "array",
            //"orientation": "vertical",
            //"v_alignment": "center",
            "h_alignment": "center",
            "margin": "0,5,0,0",
            "content": [
              {
                "type": "itemgrid",
                //"margin": "4,8,4,0",
                "item_margin": "0,1",
                "h_alignment": "center",
                "rows": [
                  //[ "missile", "supermissile", "powerbomb" ]
                  [ "missile" ],
                  [ "supermissile" ],
                  [ "powerbomb" ],
                  [ "etank" ],
                  [ "reservetank" ]
                ]
              }//,
              //{
              //  "type": "itemgrid",
              //  "margin": "0,1,0,0",
              //  "item_margin": "0,1",
              //  "h_alignment": "center",
              //  "rows": [
              //    //[ "etank", "reservetank" ]
              //    [ "etank" ],
              //    [ "reservetank" ]
              //  ]
              //}
            ]
          },
          {
            "type": "itemgrid",
            "orientation": "vertical",
            //"v_alignment": "center",
            "h_alignment": "center",
            "item_size": "175",
            "item_margin": "0,-65",
            "margin": "-5,35,0,0",
            "rows": [
              [ "objectives" ],
              [ "difficulty" ],
              [ "itemprogression" ],
              [ "qualityoflife" ],
              [ "maplayout" ]
            ]
          }
        ]
      }
    ]
  },
  "tracker_default": {
    "type": "container",
    "width": 520,
    "height": 230,
    "h_alignment": "left",
    "background": "#000000",
    "content": {
      "dropshadow": false,
      "margin": "0",
      "type": "layout",
      "key": "shared_item_grid"
    }
  }
}