﻿{
  "shared_item_grid": {
    "type": "array",
    "orientation": "vertical",
    "margin": "0,0",
    "content": [
      {
        "type": "array",
        "orientation": "horizontal",
        "margin": "0,0",
        "content": [
          {

            "type": "array",
            "orientation": "vertical",
            "margin": "0,0",
            "content": [
              {
                "type": "itemgrid",
                "item_margin": "0,8",
                "margin": "5,8,1,0",
                "h_alignment": "center",
                "rows": [
                  [ "ridley" ],
                  [ "phantoon" ],
                  [ "kraid" ],
                  [ "draygon" ]
                ]
              }
            ]
          },
          {

            "type": "array",
            "orientation": "vertical",
            "margin": "0,0",
            "content": [
              {
                "type": "itemgrid",
                "item_margin": "0,8",
                "margin": "1,8,1,0",
                "h_alignment": "center",
                "rows": [
                  [ "sporespawn" ],
                  [ "crocomire" ],
                  [ "botwoon" ],
                  [ "goldentorizo" ]
                ]
              }
            ]
          },
          {

            "type": "array",
            "orientation": "vertical",
            //"v_alignment": "center",
            "margin": "0,0",
            "content": [
              {
                "type": "itemgrid",
                "item_margin": "0,8",
                "margin": "1,8,1,0",
                "h_alignment": "center",
                "rows": [
                  [ "bombtorizo" ],
                  [ "bowlingchozo" ],
                  [ "acidchozo" ]
                  //[ "larva" ]
                  //[ "goldentorizo" ]
                ]
              }
            ]
          },
          {

            "type": "array",
            "orientation": "vertical",
            "margin": "0,0",
            "content": [
              {
                "type": "itemgrid",
                "item_margin": "0,8",
                "margin": "1,8,1,0",
                "h_alignment": "center",
                "rows": [
                  [ "metroids1" ],
                  [ "metroids2" ],
                  [ "metroids3" ],
                  [ "metroids4" ]
                ]
              }
            ]
          },
          {

            "type": "array",
            "orientation": "vertical",
            "margin": "0,0",
            "content": [
              {
                "type": "itemgrid",
                "item_margin": "0,8",
                "margin": "1,8,5,0",
                "h_alignment": "center",
                "rows": [
                  [ "pitpirates" ],
                  [ "babykraidpirates" ],
                  [ "plasmapirates" ],
                  [ "metalpirates" ]
                ]
              }
            ]
          },
          {
            "type": "itemgrid",
            "item_margin": "2,1",
            "h_alignment": "left",
            "margin": "0,5,0,0",
            "rows": [
              [ "charge", "varia", "morph", "hijump" ],
              [ "ice", "gravity", "bomb", "space" ],
              [ "wave", "", "spring", "speed" ],
              [ "spazer", "grapple", "screw", "walljumpBoots" ],
              [ "plasma", "xray", "", "" ]
            ]
          },
          {
            "type": "array",
            //"orientation": "vertical",
            //"v_alignment": "center",
            "h_alignment": "center",
            "margin": "0,-5,0,0",
            "content": [
              {
                "type": "itemgrid",
                "margin": "4,8,4,0",
                "item_margin": "0,1",
                "h_alignment": "center",
                "rows": [
                  //[ "missile", "supermissile", "powerbomb" ]
                  [ "missile" ],
                  [ "supermissile" ],
                  [ "powerbomb" ]
                  //[ "etank" ],
                  //[ "reservetank" ]
                ]
              },
              {
                "type": "itemgrid",
                "margin": "0,1,0,0",
                "item_margin": "0,1",
                "h_alignment": "center",
                "rows": [
                  //[ "etank", "reservetank" ]
                  [ "etank" ],
                  [ "reservetank" ]
                ]
              }
            ]
          },
          {
            "type": "itemgrid",
            "margin": "-60,95,0,0",
            "item_margin": "2,1",
            "h_alignment": "left",
            "rows": [
              [ "eye", "canWalljump" ]
            ]
          },
          {
            "type": "itemgrid",
            "orientation": "vertical",
            //"v_alignment": "center",
            "h_alignment": "center",
            "item_size": "175",
            "item_margin": "0,-65",
            "margin": "-5,35,0,0",
            "rows": [
              [ "objectives" ],
              [ "difficulty" ],
              [ "itemprogression" ],
              [ "qualityoflife" ],
              [ "maplayout" ]
            ]
          }
        ]
      }
    ]
  },
  "tracker_default": {
    "type": "container",
    "width": 550,
    "height": 230,
    "h_alignment": "left",
    "background": "#000000",
    "content": {
      "dropshadow": false,
      "margin": "0",
      "type": "layout",
      "key": "shared_item_grid"
    }
  }
}