﻿{
  "tracker_broadcast": {
    "type": "array",
    "orientation": "vertical",
    "background": "#000000",
    "margin": "0,0",
    "width": 400,
    "height": 230,
    "content": [
      {
        "type": "array",
        "orientation": "vertical",
        "margin": "0,0",
        "content": [
          {
            "type": "array",
            "orientation": "horizontal",
            "margin": "0,0",
            "content": [
              {

                "type": "array",
                "orientation": "vertical",
                "margin": "0,0",
                "content": [
                  {
                    "type": "itemgrid",
                    "item_margin": "0,8",
                    "margin": "5,8,5,0",
                    "h_alignment": "center",
                    "rows": [
                      [ "bombtorizo" ],
                      [ "bowlingchozo" ],
                      [ "acidchozo" ],
                      [ "goldentorizo" ]
                    ]
                  }
                ]
              },
              {
                "type": "itemgrid",
                "item_margin": "2,1",
                "h_alignment": "left",
                "margin": "0,5,0,0",
                "rows": [
                  [ "charge", "varia", "morph", "hijump" ],
                  [ "ice", "gravity", "bomb", "space" ],
                  [ "wave", "", "spring", "speed" ],
                  [ "spazer", "grapple", "screw", "walljumpBoots" ],
                  [ "plasma", "xray", "", "" ]
                ]
              },
              {
                "type": "array",
                //"orientation": "vertical",
                //"v_alignment": "center",
                "h_alignment": "center",
                "margin": "0,-5,0,0",
                "content": [
                  {
                    "type": "itemgrid",
                    "margin": "4,8,4,0",
                    "item_margin": "0,1",
                    "h_alignment": "center",
                    "rows": [
                      //[ "missile", "supermissile", "powerbomb" ]
                      [ "missile" ],
                      [ "supermissile" ],
                      [ "powerbomb" ]
                      //[ "etank" ],
                      //[ "reservetank" ]
                    ]
                  },
                  {
                    "type": "itemgrid",
                    "margin": "0,1,0,0",
                    "item_margin": "0,1",
                    "h_alignment": "center",
                    "rows": [
                      //[ "etank", "reservetank" ]
                      [ "etank" ],
                      [ "reservetank" ]
                    ]
                  }
                ]
              },
              {
                "type": "itemgrid",
                "margin": "-78,95,0,0",
                "item_margin": "2,1",
                "h_alignment": "left",
                "rows": [
                  [ "eye", "phantoon", "canWalljump" ]
                ]
              },
              {
                "type": "itemgrid",
                "orientation": "vertical",
                //"v_alignment": "center",
                "h_alignment": "center",
                "item_size": "175",
                "item_margin": "0,-65",
                "margin": "-5,35,0,0",
                "rows": [
                  [ "pirates" ],
                  [ "difficulty" ],
                  [ "itemprogression" ],
                  [ "qualityoflife" ],
                  [ "maplayout" ]
                ]
              }
                //{
                //  "type": "array",
                //  "orientation": "vertical",
                //  //"v_alignment": "center",
                //  "h_alignment": "center",
                //  "margin": "-10,8,0,0",
                //  "content": [
                //    {
                //
                //      "margin": "0,0,0,20",
                //      "type": "item",
                //      "item": "pirates", //objectives
                //      "h_alignment": "center"
                //    },
                //    {
                //      "type": "item",
                //      "item": "difficulty",
                //      "h_alignment": "right"
                //    },
                //    {
                //      "type": "item",
                //      "item": "itemprogression",
                //      "h_alignment": "right"
                //    },
                //    {
                //      "type": "item",
                //      "item": "qualityoflife",
                //      "h_alignment": "right"
                //    }
                //  ]
                //}
            ]
          }
        ]
      }
    ]
  }
}
