[
  {
    "name": "Minibosses",
    "type": "progressive",
    "allow_disabled": "false",
    "loop": "true",
    "stages": [
      {
        "name": "Bosses",
        "img": "images/obj_bosses.png",
        "inherit_codes": "false",
        "codes": "bosses"
      }
    ]
  },
  {
    "name": "Minibosses",
    "type": "progressive",
    "allow_disabled": "false",
    "loop": "true",
    "stages": [
      {
        "name": "Minibosses",
        "img": "images/obj_minibosses.png",
        "inherit_codes": "false",
        "codes": "minibosses"
      }
    ]
  },
  {
    "name": "Metroids",
    "type": "progressive",
    "allow_disabled": "false",
    "loop": "true",
    "stages": [
      {
        "name": "Metroids",
        "img": "images/obj_metroids.png",
        "inherit_codes": "false",
        "codes": "metroids"
      }
    ]
  },
  {
    "name": "Chozos",
    "type": "progressive",
    "allow_disabled": "false",
    "loop": "true",
    "stages": [
      {
        "name": "Chozos",
        "img": "images/obj_chozos.png",
        "inherit_codes": "false",
        "codes": "chozos"
      }
    ]
  },
  {
    "name": "Pirates",
    "type": "progressive",
    "allow_disabled": "false",
    "loop": "true",
    "stages": [
      {
        "name": "Pirates",
        "img": "images/obj_pirates.png",
        "inherit_codes": "false",
        "codes": "pirates"
      }
    ]
  }
]